{
  "swagger" : "2.0",
  "info" : {
    "title" : "SalesforceContractsApp",
    "version" : "1.0.0",
    "description" : "SalesforceContractsApp"
  },
  "paths" : {
    "/Contact" : {
      "get" : {
        "operationId" : "retrieveAll",
        "responses" : {
          "200" : {
            "description" : "The operation was successful.",
            "schema" : {
              "$ref" : "#/definitions/ContactDetails"
            }
          }
        },
        "produces" : [ "application/json" ],
        "description" : "Retrieve Contact"
      },
      "post" : {
        "operationId" : "insertContact",
        "responses" : {
          "200" : {
            "description" : "The operation was successful."
          }
        },
        "consumes" : [ "application/json" ],
        "produces" : [ "application/json" ],
        "description" : "Insert a Contact",
        "parameters" : [ {
          "name" : "body",
          "in" : "body",
          "schema" : {
            "$ref" : "#/definitions/ContactDetails"
          },
          "description" : "The request body for the operation",
          "required" : true
        } ]
      }
    },
    "/Contact/{id}" : {
      "get" : {
        "operationId" : "retrieveContact",
        "responses" : {
          "200" : {
            "description" : "The operation was successful.",
            "schema" : {
              "$ref" : "#/definitions/ContactDetails"
            }
          }
        },
        "produces" : [ "application/json" ],
        "description" : "Retrieve id",
        "parameters" : [ {
          "required" : true,
          "name" : "id",
          "in" : "path",
          "type" : "string"
        } ]
      }
    }
  },
  "basePath" : "/salesforcecontractsapp/v1",
  "definitions" : {
    "ContactDetails" : {
      "type" : "object",
      "properties" : {
        "Forename" : {
          "type" : "string"
        },
        "Surname" : {
          "type" : "string"
        },
        "Area" : {
          "type" : "string"
        }
      }
    }
  }
}